<?xml version="1.0" encoding="UTF-8"?>
<GenRun Id="impl_1" LaunchPart="xc7a35tcpg236-1" LaunchTime="1764810980">
  <File Type="BITSTR-BMM" Name="DuckHunt_System_bd.bmm"/>
  <File Type="OPT-METHODOLOGY-DRC" Name="DuckHunt_System_methodology_drc_opted.rpt"/>
  <File Type="INIT-TIMING" Name="DuckHunt_System_timing_summary_init.rpt"/>
  <File Type="ROUTE-PWR" Name="DuckHunt_System_power_routed.rpt"/>
  <File Type="PA-TCL" Name="DuckHunt_System.tcl"/>
  <File Type="OPT-TIMING" Name="DuckHunt_System_timing_summary_opted.rpt"/>
  <File Type="OPT-DCP" Name="DuckHunt_System_opt.dcp"/>
  <File Type="ROUTE-PWR-SUM" Name="DuckHunt_System_power_summary_routed.pb"/>
  <File Type="REPORTS-TCL" Name="DuckHunt_System_reports.tcl"/>
  <File Type="OPT-DRC" Name="DuckHunt_System_drc_opted.rpt"/>
  <File Type="OPT-HWDEF" Name="DuckHunt_System.hwdef"/>
  <File Type="PWROPT-DCP" Name="DuckHunt_System_pwropt.dcp"/>
  <File Type="PWROPT-DRC" Name="DuckHunt_System_drc_pwropted.rpt"/>
  <File Type="PWROPT-TIMING" Name="DuckHunt_System_timing_summary_pwropted.rpt"/>
  <File Type="PLACE-DCP" Name="DuckHunt_System_placed.dcp"/>
  <File Type="PLACE-IO" Name="DuckHunt_System_io_placed.rpt"/>
  <File Type="PLACE-CLK" Name="DuckHunt_System_clock_utilization_placed.rpt"/>
  <File Type="PLACE-UTIL" Name="DuckHunt_System_utilization_placed.rpt"/>
  <File Type="PLACE-UTIL-PB" Name="DuckHunt_System_utilization_placed.pb"/>
  <File Type="PLACE-CTRL" Name="DuckHunt_System_control_sets_placed.rpt"/>
  <File Type="PLACE-SIMILARITY" Name="DuckHunt_System_incremental_reuse_placed.rpt"/>
  <File Type="PLACE-PRE-SIMILARITY" Name="DuckHunt_System_incremental_reuse_pre_placed.rpt"/>
  <File Type="PLACE-TIMING" Name="DuckHunt_System_timing_summary_placed.rpt"/>
  <File Type="POSTPLACE-PWROPT-DCP" Name="DuckHunt_System_postplace_pwropt.dcp"/>
  <File Type="BG-BIN" Name="DuckHunt_System.bin"/>
  <File Type="POSTPLACE-PWROPT-TIMING" Name="DuckHunt_System_timing_summary_postplace_pwropted.rpt"/>
  <File Type="PHYSOPT-DCP" Name="DuckHunt_System_physopt.dcp"/>
  <File Type="PHYSOPT-DRC" Name="DuckHunt_System_drc_physopted.rpt"/>
  <File Type="BITSTR-MSK" Name="DuckHunt_System.msk"/>
  <File Type="PHYSOPT-TIMING" Name="DuckHunt_System_timing_summary_physopted.rpt"/>
  <File Type="ROUTE-ERROR-DCP" Name="DuckHunt_System_routed_error.dcp"/>
  <File Type="ROUTE-DCP" Name="DuckHunt_System_routed.dcp"/>
  <File Type="ROUTE-BLACKBOX-DCP" Name="DuckHunt_System_routed_bb.dcp"/>
  <File Type="ROUTE-DRC" Name="DuckHunt_System_drc_routed.rpt"/>
  <File Type="ROUTE-DRC-PB" Name="DuckHunt_System_drc_routed.pb"/>
  <File Type="ROUTE-DRC-RPX" Name="DuckHunt_System_drc_routed.rpx"/>
  <File Type="BITSTR-MMI" Name="DuckHunt_System.mmi"/>
  <File Type="ROUTE-METHODOLOGY-DRC" Name="DuckHunt_System_methodology_drc_routed.rpt"/>
  <File Type="ROUTE-METHODOLOGY-DRC-RPX" Name="DuckHunt_System_methodology_drc_routed.rpx"/>
  <File Type="ROUTE-METHODOLOGY-DRC-PB" Name="DuckHunt_System_methodology_drc_routed.pb"/>
  <File Type="ROUTE-PWR-RPX" Name="DuckHunt_System_power_routed.rpx"/>
  <File Type="ROUTE-STATUS" Name="DuckHunt_System_route_status.rpt"/>
  <File Type="ROUTE-STATUS-PB" Name="DuckHunt_System_route_status.pb"/>
  <File Type="ROUTE-TIMINGSUMMARY" Name="DuckHunt_System_timing_summary_routed.rpt"/>
  <File Type="ROUTE-TIMING-PB" Name="DuckHunt_System_timing_summary_routed.pb"/>
  <File Type="ROUTE-TIMING-RPX" Name="DuckHunt_System_timing_summary_routed.rpx"/>
  <File Type="ROUTE-SIMILARITY" Name="DuckHunt_System_incremental_reuse_routed.rpt"/>
  <File Type="ROUTE-CLK" Name="DuckHunt_System_clock_utilization_routed.rpt"/>
  <File Type="ROUTE-BUS-SKEW" Name="DuckHunt_System_bus_skew_routed.rpt"/>
  <File Type="ROUTE-BUS-SKEW-PB" Name="DuckHunt_System_bus_skew_routed.pb"/>
  <File Type="ROUTE-BUS-SKEW-RPX" Name="DuckHunt_System_bus_skew_routed.rpx"/>
  <File Type="POSTROUTE-PHYSOPT-DCP" Name="DuckHunt_System_postroute_physopt.dcp"/>
  <File Type="POSTROUTE-PHYSOPT-BLACKBOX-DCP" Name="DuckHunt_System_postroute_physopt_bb.dcp"/>
  <File Type="POSTROUTE-PHYSOPT-TIMING" Name="DuckHunt_System_timing_summary_postroute_physopted.rpt"/>
  <File Type="POSTROUTE-PHYSOPT-TIMING-PB" Name="DuckHunt_System_timing_summary_postroute_physopted.pb"/>
  <File Type="POSTROUTE-PHYSOPT-TIMING-RPX" Name="DuckHunt_System_timing_summary_postroute_physopted.rpx"/>
  <File Type="POSTROUTE-PHYSOPT-BUS-SKEW" Name="DuckHunt_System_bus_skew_postroute_physopted.rpt"/>
  <File Type="POSTROUTE-PHYSOPT-BUS-SKEW-PB" Name="DuckHunt_System_bus_skew_postroute_physopted.pb"/>
  <File Type="BG-BIT" Name="DuckHunt_System.bit"/>
  <File Type="POSTROUTE-PHYSOPT-BUS-SKEW-RPX" Name="DuckHunt_System_bus_skew_postroute_physopted.rpx"/>
  <File Type="BITSTR-RBT" Name="DuckHunt_System.rbt"/>
  <File Type="BITSTR-NKY" Name="DuckHunt_System.nky"/>
  <File Type="PDI-FILE" Name="DuckHunt_System.pdi"/>
  <File Type="RCFI_FILE" Name="DuckHunt_System.rcfi"/>
  <File Type="CFI_FILE" Name="DuckHunt_System.cfi"/>
  <File Type="RNPI_FILE" Name="DuckHunt_System.rnpi"/>
  <File Type="NPI_FILE" Name="DuckHunt_System.npi"/>
  <File Type="RBD_FILE" Name="DuckHunt_System.rbd"/>
  <File Type="BITSTR-LTX" Name="debug_nets.ltx"/>
  <File Type="BITSTR-LTX" Name="DuckHunt_System.ltx"/>
  <File Type="BITSTR-SYSDEF" Name="DuckHunt_System.sysdef"/>
  <File Type="BG-BGN" Name="DuckHunt_System.bgn"/>
  <File Type="BG-DRC" Name="DuckHunt_System.drc"/>
  <File Type="RDI-RDI" Name="DuckHunt_System.vdi"/>
  <File Type="WBT-USG" Name="usage_statistics_webtalk.html"/>
  <FileSet Name="sources" Type="DesignSrcs" RelSrcDir="$PSRCDIR/sources_1" RelGenDir="$PGENDIR/sources_1">
    <Filter Type="Srcs"/>
    <File Path="$PSRCDIR/sources_1/new/Duck_Controller.sv">
      <FileInfo>
        <Attr Name="ImportPath" Val="$PPRDIR/../../1129/20251129_DUCK_HUNTER/20251129_DUCK_HUNTER.srcs/sources_1/new/Duck_Controller.sv"/>
        <Attr Name="ImportTime" Val="1764402783"/>
        <Attr Name="UsedIn" Val="synthesis"/>
        <Attr Name="UsedIn" Val="implementation"/>
        <Attr Name="UsedIn" Val="simulation"/>
      </FileInfo>
    </File>
    <File Path="$PSRCDIR/sources_1/new/Game_Display_Controller.sv">
      <FileInfo>
        <Attr Name="ImportPath" Val="$PPRDIR/../../1129/20251129_DUCK_HUNTER/20251129_DUCK_HUNTER.srcs/sources_1/new/Game_Display_Controller.sv"/>
        <Attr Name="ImportTime" Val="1764417965"/>
        <Attr Name="UsedIn" Val="synthesis"/>
        <Attr Name="UsedIn" Val="implementation"/>
        <Attr Name="UsedIn" Val="simulation"/>
      </FileInfo>
    </File>
    <File Path="$PSRCDIR/sources_1/new/ImgROM.sv">
      <FileInfo>
        <Attr Name="ImportPath" Val="$PPRDIR/../../1129/20251129_DUCK_HUNTER/20251129_DUCK_HUNTER.srcs/sources_1/new/ImgROM.sv"/>
        <Attr Name="ImportTime" Val="1764404445"/>
        <Attr Name="UsedIn" Val="synthesis"/>
        <Attr Name="UsedIn" Val="implementation"/>
        <Attr Name="UsedIn" Val="simulation"/>
      </FileInfo>
    </File>
    <File Path="$PSRCDIR/sources_1/new/OV7670_Mem_Controller.sv">
      <FileInfo>
        <Attr Name="ImportPath" Val="$PPRDIR/../../1129/20251129_DUCK_HUNTER/20251129_DUCK_HUNTER.srcs/sources_1/new/OV7670_Mem_Controller.sv"/>
        <Attr Name="ImportTime" Val="1764396902"/>
        <Attr Name="UsedIn" Val="synthesis"/>
        <Attr Name="UsedIn" Val="implementation"/>
        <Attr Name="UsedIn" Val="simulation"/>
      </FileInfo>
    </File>
    <File Path="$PSRCDIR/sources_1/new/OV7670_config_rom.sv">
      <FileInfo>
        <Attr Name="ImportPath" Val="$PPRDIR/../../1129/20251129_DUCK_HUNTER/20251129_DUCK_HUNTER.srcs/sources_1/new/OV7670_config_rom.sv"/>
        <Attr Name="ImportTime" Val="1764386060"/>
        <Attr Name="UsedIn" Val="synthesis"/>
        <Attr Name="UsedIn" Val="implementation"/>
        <Attr Name="UsedIn" Val="simulation"/>
      </FileInfo>
    </File>
    <File Path="$PSRCDIR/sources_1/new/Red_Detector_Threshold.sv">
      <FileInfo>
        <Attr Name="ImportPath" Val="$PPRDIR/../20251130_DUCK_HUNTER/20251130_DUCK_HUNTER.srcs/sources_1/new/Red_Detector_Threshold.sv"/>
        <Attr Name="ImportTime" Val="1764495012"/>
        <Attr Name="UsedIn" Val="synthesis"/>
        <Attr Name="UsedIn" Val="implementation"/>
        <Attr Name="UsedIn" Val="simulation"/>
      </FileInfo>
    </File>
    <File Path="$PSRCDIR/sources_1/new/SCCB_controller.sv">
      <FileInfo>
        <Attr Name="ImportPath" Val="$PPRDIR/../../1129/20251129_DUCK_HUNTER/20251129_DUCK_HUNTER.srcs/sources_1/new/SCCB_controller.sv"/>
        <Attr Name="ImportTime" Val="1763943036"/>
        <Attr Name="UsedIn" Val="synthesis"/>
        <Attr Name="UsedIn" Val="implementation"/>
        <Attr Name="UsedIn" Val="simulation"/>
      </FileInfo>
    </File>
    <File Path="$PSRCDIR/sources_1/new/Start_Screen.sv">
      <FileInfo>
        <Attr Name="ImportPath" Val="$PPRDIR/../../1129/20251129_DUCK_HUNTER/20251129_DUCK_HUNTER.srcs/sources_1/new/Start_Screen.sv"/>
        <Attr Name="ImportTime" Val="1764417821"/>
        <Attr Name="UsedIn" Val="synthesis"/>
        <Attr Name="UsedIn" Val="implementation"/>
        <Attr Name="UsedIn" Val="simulation"/>
      </FileInfo>
    </File>
    <File Path="$PSRCDIR/sources_1/new/TOP_SCCB.sv">
      <FileInfo>
        <Attr Name="ImportPath" Val="$PPRDIR/../../1129/20251129_DUCK_HUNTER/20251129_DUCK_HUNTER.srcs/sources_1/new/TOP_SCCB.sv"/>
        <Attr Name="ImportTime" Val="1763944690"/>
        <Attr Name="UsedIn" Val="synthesis"/>
        <Attr Name="UsedIn" Val="implementation"/>
        <Attr Name="UsedIn" Val="simulation"/>
      </FileInfo>
    </File>
    <File Path="$PSRCDIR/sources_1/new/VGA_Decoder.sv">
      <FileInfo>
        <Attr Name="ImportPath" Val="$PPRDIR/../../1129/20251129_DUCK_HUNTER/20251129_DUCK_HUNTER.srcs/sources_1/new/VGA_Decoder.sv"/>
        <Attr Name="ImportTime" Val="1763701530"/>
        <Attr Name="UsedIn" Val="synthesis"/>
        <Attr Name="UsedIn" Val="implementation"/>
        <Attr Name="UsedIn" Val="simulation"/>
      </FileInfo>
    </File>
    <File Path="$PSRCDIR/sources_1/new/button_debouncer.sv">
      <FileInfo>
        <Attr Name="ImportPath" Val="$PPRDIR/../../1129/20251129_DUCK_HUNTER/20251129_DUCK_HUNTER.srcs/sources_1/new/button_debouncer.sv"/>
        <Attr Name="ImportTime" Val="1764403863"/>
        <Attr Name="UsedIn" Val="synthesis"/>
        <Attr Name="UsedIn" Val="implementation"/>
        <Attr Name="UsedIn" Val="simulation"/>
      </FileInfo>
    </File>
    <File Path="$PSRCDIR/sources_1/new/frame_buffer.sv">
      <FileInfo>
        <Attr Name="ImportPath" Val="$PPRDIR/../../1129/20251129_DUCK_HUNTER/20251129_DUCK_HUNTER.srcs/sources_1/new/frame_buffer.sv"/>
        <Attr Name="ImportTime" Val="1764387088"/>
        <Attr Name="UsedIn" Val="synthesis"/>
        <Attr Name="UsedIn" Val="implementation"/>
        <Attr Name="UsedIn" Val="simulation"/>
      </FileInfo>
    </File>
    <File Path="$PSRCDIR/sources_1/new/pclk_gen.sv">
      <FileInfo>
        <Attr Name="ImportPath" Val="$PPRDIR/../../1129/20251129_DUCK_HUNTER/20251129_DUCK_HUNTER.srcs/sources_1/new/pclk_gen.sv"/>
        <Attr Name="ImportTime" Val="1763701442"/>
        <Attr Name="UsedIn" Val="synthesis"/>
        <Attr Name="UsedIn" Val="implementation"/>
        <Attr Name="UsedIn" Val="simulation"/>
      </FileInfo>
    </File>
    <File Path="$PSRCDIR/sources_1/new/DuckHunt_System.sv">
      <FileInfo>
        <Attr Name="ImportPath" Val="$PPRDIR/../../1129/20251129_DUCK_HUNTER/20251129_DUCK_HUNTER.srcs/sources_1/new/DuckHunt_System.sv"/>
        <Attr Name="ImportTime" Val="1764418281"/>
        <Attr Name="UsedIn" Val="synthesis"/>
        <Attr Name="UsedIn" Val="implementation"/>
        <Attr Name="UsedIn" Val="simulation"/>
      </FileInfo>
    </File>
    <File Path="$PSRCDIR/sources_1/new/duck_hunt_background.mem">
      <FileInfo>
        <Attr Name="ImportPath" Val="$PPRDIR/../../1129/20251129_DUCK_HUNTER/20251129_DUCK_HUNTER.srcs/sources_1/new/duck_hunt_background.mem"/>
        <Attr Name="ImportTime" Val="1764402783"/>
        <Attr Name="UsedIn" Val="synthesis"/>
        <Attr Name="UsedIn" Val="simulation"/>
      </FileInfo>
    </File>
    <File Path="$PSRCDIR/sources_1/new/duck_move.mem">
      <FileInfo>
        <Attr Name="ImportPath" Val="$PPRDIR/../../1129/20251129_DUCK_HUNTER/20251129_DUCK_HUNTER.srcs/sources_1/new/duck_move.mem"/>
        <Attr Name="ImportTime" Val="1764402783"/>
        <Attr Name="UsedIn" Val="synthesis"/>
        <Attr Name="UsedIn" Val="simulation"/>
      </FileInfo>
    </File>
    <File Path="$PSRCDIR/sources_1/new/bomb.mem">
      <FileInfo>
        <Attr Name="ImportPath" Val="$PPRDIR/../../1129/20251129_DUCK_HUNTER/20251129_DUCK_HUNTER.srcs/sources_1/new/bomb.mem"/>
        <Attr Name="ImportTime" Val="1764419211"/>
        <Attr Name="UsedIn" Val="synthesis"/>
        <Attr Name="UsedIn" Val="simulation"/>
      </FileInfo>
    </File>
    <Config>
      <Option Name="DesignMode" Val="RTL"/>
      <Option Name="TopModule" Val="DuckHunt_System"/>
      <Option Name="TopAutoSet" Val="TRUE"/>
    </Config>
  </FileSet>
  <FileSet Name="constrs_in" Type="Constrs" RelSrcDir="$PSRCDIR/constrs_1">
    <Filter Type="Constrs"/>
    <File Path="$PSRCDIR/constrs_1/imports/working/Basys-3-Master.xdc">
      <FileInfo>
        <Attr Name="ImportPath" Val="$PPRDIR/../../Basys-3-Master.xdc"/>
        <Attr Name="ImportTime" Val="1763104728"/>
        <Attr Name="UsedIn" Val="synthesis"/>
        <Attr Name="UsedIn" Val="implementation"/>
      </FileInfo>
    </File>
    <Config>
      <Option Name="ConstrsType" Val="XDC"/>
    </Config>
  </FileSet>
  <FileSet Name="utils" Type="Utils" RelSrcDir="$PSRCDIR/utils_1">
    <Filter Type="Utils"/>
    <Config>
      <Option Name="TopAutoSet" Val="TRUE"/>
    </Config>
  </FileSet>
  <Strategy Version="1" Minor="2">
    <StratHandle Name="Vivado Implementation Defaults" Flow="Vivado Implementation 2020"/>
    <Step Id="init_design"/>
    <Step Id="opt_design"/>
    <Step Id="power_opt_design"/>
    <Step Id="place_design"/>
    <Step Id="post_place_power_opt_design"/>
    <Step Id="phys_opt_design"/>
    <Step Id="route_design"/>
    <Step Id="post_route_phys_opt_design"/>
    <Step Id="write_bitstream"/>
  </Strategy>
</GenRun>
